-- phpMyAdmin SQL Dump
-- version 5.0.4
-- https://www.phpmyadmin.net/
--
-- Host: 127.0.0.1
-- Generation Time: May 01, 2021 at 09:31 AM
-- Server version: 10.4.17-MariaDB
-- PHP Version: 7.4.14

SET SQL_MODE = "NO_AUTO_VALUE_ON_ZERO";
START TRANSACTION;
SET time_zone = "+00:00";


/*!40101 SET @OLD_CHARACTER_SET_CLIENT=@@CHARACTER_SET_CLIENT */;
/*!40101 SET @OLD_CHARACTER_SET_RESULTS=@@CHARACTER_SET_RESULTS */;
/*!40101 SET @OLD_COLLATION_CONNECTION=@@COLLATION_CONNECTION */;
/*!40101 SET NAMES utf8mb4 */;

--
-- Database: `talkbuzzv2`
--

-- --------------------------------------------------------

--
-- Table structure for table `chat_message`
--

CREATE TABLE `chat_message` (
  `chat_message_id` int(11) NOT NULL,
  `to_user_id` int(11) NOT NULL,
  `from_user_id` int(11) NOT NULL,
  `chat_message` mediumtext COLLATE utf8mb4_bin NOT NULL,
  `timestamp` timestamp NOT NULL DEFAULT current_timestamp(),
  `status` int(1) NOT NULL
) ENGINE=InnoDB DEFAULT CHARSET=utf8mb4 COLLATE=utf8mb4_bin;

--
-- Dumping data for table `chat_message`
--

INSERT INTO `chat_message` (`chat_message_id`, `to_user_id`, `from_user_id`, `chat_message`, `timestamp`, `status`) VALUES
(1, 2, 1, 'hello rahat', '2021-03-17 05:12:05', 0),
(2, 2, 1, 'how are you', '2021-03-17 05:12:13', 0),
(3, 2, 1, 'hi again', '2021-03-17 05:15:15', 0),
(4, 2, 1, 'ki khobor?', '2021-03-17 05:15:27', 0),
(5, 2, 1, 'hello rahat', '2021-03-17 05:17:35', 0),
(6, 2, 1, 'hello\n', '2021-03-17 05:21:08', 0),
(7, 3, 1, 'hello!', '2021-03-17 05:36:22', 0),
(8, 3, 1, 'how are you?', '2021-03-17 05:36:29', 0),
(9, 1, 3, 'hello\n', '2021-03-17 05:37:14', 0),
(10, 1, 3, 'hello\n', '2021-03-17 05:39:01', 0),
(11, 3, 1, 'hi', '2021-03-17 05:39:08', 0),
(12, 1, 2, 'hi', '2021-03-18 02:11:47', 0),
(13, 2, 1, 'hello', '2021-03-18 02:19:21', 0),
(14, 1, 2, 'ki khobor?', '2021-03-18 02:19:31', 0),
(15, 2, 1, 'eito mota mote', '2021-03-18 02:20:07', 0),
(16, 2, 1, 'tumar ki khobor?', '2021-03-18 02:20:30', 0),
(17, 1, 2, 'same', '2021-03-18 02:20:35', 0),
(18, 1, 2, 'ki ki course nico eiber?\n', '2021-03-18 02:21:05', 0),
(19, 2, 1, 'webtech, ai, bds, micro', '2021-03-18 02:21:24', 0),
(20, 1, 2, 'ami o same', '2021-03-18 02:21:37', 0),
(21, 1, 2, 'hello azim', '2021-03-18 02:58:38', 0),
(22, 2, 1, 'ki obostha?', '2021-03-18 02:58:59', 0),
(23, 1, 3, 'ki khobor?', '2021-03-18 02:59:59', 0),
(24, 3, 1, 'eito valo\n', '2021-03-18 03:00:20', 0),
(25, 2, 1, 'hello', '2021-03-19 03:32:51', 0),
(26, 1, 2, 'hi', '2021-03-19 03:33:08', 0),
(27, 1, 2, 'ki khobor?', '2021-03-19 04:14:21', 0),
(28, 2, 1, 'eito mota mote', '2021-03-19 04:14:39', 0),
(29, 2, 1, 'Hi 😃', '2021-03-20 02:53:21', 0),
(30, 1, 2, '🤗', '2021-03-20 02:53:33', 0),
(31, 2, 1, 'ki khobor?🤓', '2021-03-20 02:57:59', 0),
(32, 1, 2, 'eito mota mote😌', '2021-03-20 02:58:20', 0),
(33, 0, 1, 'hi everyone', '2021-03-25 03:55:28', 1),
(34, 0, 2, 'hello', '2021-03-25 03:55:42', 1),
(35, 0, 3, 'ki khobor shobar?<div><br></div>', '2021-03-25 03:56:22', 1),
(36, 0, 1, '\n\n            ', '2021-03-27 02:52:36', 1),
(37, 0, 1, '<p><img src=\"../upload/exp x.PNG\" class=\"img-thumbnail\" width=\"200\" height=\"160\"></p><br>', '2021-03-27 03:01:07', 2),
(38, 0, 1, '<p><img src=\"../upload/git logo.png\" class=\"img-thumbnail\" width=\"200\" height=\"160\"></p><br>', '2021-03-27 03:01:46', 2),
(39, 2, 1, '😒', '2021-03-27 03:05:28', 2),
(40, 3, 1, 'hi\n\n', '2021-03-27 03:05:39', 1),
(41, 0, 1, '<p><img src=\"../upload/justice league.jpg\" class=\"img-thumbnail\" width=\"200\" height=\"160\"></p><br>', '2021-03-27 03:12:31', 2),
(42, 1, 2, 'hi !😀', '2021-03-27 03:34:26', 2),
(43, 2, 1, 'hi rahat', '2021-03-27 03:44:10', 2),
(44, 0, 1, 'hi everyone<div><br></div>', '2021-03-27 03:46:59', 1),
(45, 0, 2, 'ki khobor shobar?', '2021-03-27 03:47:28', 1),
(46, 2, 1, 'hi \n😁\n', '2021-03-27 03:50:57', 0),
(47, 0, 1, 'hi every one', '2021-03-27 03:51:13', 1),
(48, 0, 2, 'hello', '2021-03-27 04:01:31', 1),
(49, 0, 1, 'ki khobor?', '2021-03-27 04:04:26', 2),
(50, 0, 2, 'ki re remove korli kan?', '2021-03-27 04:04:47', 2),
(51, 0, 1, '<p><img src=\"upload/for honor.jpg\" class=\"img-thumbnail\" width=\"200\" height=\"160\"></p><br>', '2021-03-27 04:32:58', 1),
(52, 0, 2, '<p><img src=\"upload/justice league.jpg\" class=\"img-thumbnail\" width=\"200\" height=\"160\"></p><br>', '2021-03-27 04:36:14', 1),
(53, 1, 4, 'hello azim😃', '2021-03-30 03:40:40', 0),
(54, 4, 1, 'ki khobor?', '2021-03-30 03:40:55', 0),
(55, 1, 4, 'eito mota mote..tumar ki obostha?\ncourse ki ki paico?', '2021-03-30 03:41:23', 0),
(56, 0, 4, 'hello everyone', '2021-03-30 03:41:59', 1),
(57, 1, 2, 'hello😆', '2021-04-01 05:11:06', 0),
(58, 1, 2, 'ki khobor?', '2021-04-01 05:11:20', 0),
(59, 2, 1, 'hello rahat😆😅🇧🇩', '2021-04-01 05:12:02', 2),
(60, 0, 1, '<p><img src=\"upload/Mudflap girl.png\" class=\"img-thumbnail\" width=\"200\" height=\"160\"></p><br>', '2021-04-01 05:13:28', 2),
(61, 2, 1, 'hi\n\n', '2021-04-03 13:47:09', 0),
(62, 2, 1, 'ki khobor?', '2021-04-03 13:47:17', 0),
(63, 1, 2, 'eito asi mota mote', '2021-04-03 14:03:26', 0),
(64, 0, 2, 'hello everyone<div><br></div>', '2021-04-03 14:16:13', 1),
(65, 3, 2, 'hi', '2021-04-03 14:16:42', 1),
(66, 4, 2, 'ki khobor?', '2021-04-03 14:16:51', 1),
(67, 2, 1, 'hi', '2021-04-09 13:14:53', 0),
(68, 2, 1, '😙🙃😁', '2021-04-09 13:15:29', 0),
(69, 2, 1, 'hello\n\n', '2021-04-12 14:47:19', 0),
(70, 2, 1, 'hello\n\n', '2021-04-12 14:55:58', 0),
(71, 2, 1, 'hello\n\n', '2021-04-12 15:27:13', 0),
(72, 2, 1, '', '2021-04-12 15:28:45', 0),
(73, 2, 1, 'hello', '2021-04-12 15:29:33', 0),
(74, 1, 2, 'ki khobor\n\n', '2021-04-12 15:33:57', 0),
(75, 6, 1, 'hello!', '2021-04-13 05:54:12', 0),
(76, 2, 1, 'hello rahat\n\n', '2021-04-13 07:08:43', 0),
(77, 2, 1, '', '2021-04-16 06:57:58', 2),
(78, 2, 1, 'hello\n\n', '2021-04-17 15:04:02', 0),
(79, 2, 1, '🤗', '2021-04-19 03:48:31', 0),
(80, 1, 2, 'ki khobor?', '2021-04-19 04:49:23', 0),
(81, 2, 1, 'eito...mota mote', '2021-04-19 04:49:42', 0),
(82, 0, 1, 'ki khobor shobar?', '2021-04-19 04:53:54', 1),
(83, 0, 1, '<p><img src=\"upload/file structure.png\" class=\"img-thumbnail\" width=\"200\" height=\"160\"></p>eita file structure project er<div><br></div>', '2021-04-19 04:54:16', 1),
(84, 2, 1, 'hello rahat\nki khobor?', '2021-04-20 06:16:19', 0),
(85, 1, 2, 'Hi', '2021-04-20 06:29:16', 0),
(86, 2, 1, 'thesis korco naki?', '2021-04-20 06:30:10', 0),
(87, 1, 2, 'ha\n\n', '2021-04-20 07:04:01', 0),
(88, 1, 6, 'ki khobor?\n😃\n', '2021-04-25 05:25:14', 0),
(89, 6, 1, 'eito mota mote..', '2021-04-25 05:25:29', 0),
(90, 6, 1, 'major select korco?', '2021-04-25 05:25:42', 0),
(91, 1, 6, 'nah..amar 100 credit complete hoy nai akhono', '2021-04-25 05:26:02', 0),
(92, 1, 6, 'next semister e 100+ complete hoibo', '2021-04-25 05:26:23', 0),
(93, 6, 1, 'ow\n\n', '2021-04-25 05:26:37', 0),
(94, 6, 1, 'ki niba major?', '2021-04-25 05:27:33', 0),
(95, 1, 6, 'akhono thik kori nai..', '2021-04-25 05:27:59', 0),
(96, 1, 6, '😔', '2021-04-25 05:28:12', 0),
(97, 1, 6, '🌕🌖🌗🌘🌑🌒🌓🌔', '2021-04-25 05:29:27', 0),
(98, 0, 6, 'hello everyone<div><br></div>', '2021-04-25 05:30:04', 1),
(99, 0, 6, 'ki khobor shobar', '2021-04-25 05:30:14', 1),
(100, 0, 1, 'good<div><br></div>', '2021-04-25 05:30:29', 1),
(101, 0, 1, '<p><img src=\"upload/car.jpg\" class=\"img-thumbnail\" width=\"200\" height=\"160\"></p><br>', '2021-04-27 07:06:05', 1),
(102, 0, 1, 'car', '2021-04-27 07:06:22', 1);

-- --------------------------------------------------------

--
-- Table structure for table `login`
--

CREATE TABLE `login` (
  `user_id` int(11) NOT NULL,
  `username` varchar(255) NOT NULL,
  `email` varchar(50) NOT NULL,
  `password` varchar(255) NOT NULL
) ENGINE=InnoDB DEFAULT CHARSET=latin1;

--
-- Dumping data for table `login`
--

INSERT INTO `login` (`user_id`, `username`, `email`, `password`) VALUES
(1, 'Azim', 'azim@gmail.com', '$2y$10$4Cvt.wwH705fEBis4cw3GO1.lP3R1S/iK9mo0NvyWqbQwbM4cdFxu'),
(2, 'Rahat', 'rahat@gmail.com', '$2y$10$DGwt.SS/Vc2HcmB38jwpweXFkEqGSgwdX6w.QoJ3iv.WeI7ksDowK'),
(3, 'Pranto', 'pranto@gmail.com', '$2y$12$s2xt5aIVgvSwSfDPgx5FTeqdMtdvmHaP0visp//z64ecDpfILJXRW'),
(4, 'Rasel', 'rasel@gmail.com', '$2y$10$C4OY8lpL1lbGjiundqVDg.7O4S8xZWRayDsx0weBMLW0scCXudWJe'),
(6, 'Imran Ahmed', 'imran@gmail.com', '$2y$10$rCUj2kTU2WALb.MQpCYpLuNHPxiUyLtvh82rdFU03HEPO4WSAlndC'),
(7, 'Abs Sobhan', 'absSobhan@gmail.com', '$2y$10$l0y5sNBRwtU5FAgXra664uyTJTq4BTl0kCUJOp2BWivrGV.tcRJFe'),
(8, 'Nur Hossain', 'nur@yahoo.com', '$2y$10$zp3S.UMy8XCTVCZqKC3h3ujRHyQMOu.zoohNen.RBv1D0EHT3pVhG'),
(15, 'Hello', 'hyelo@gmail.com', '$2y$10$tBBLbvLgwXFhYTkCtVV0P.Me5fnyDxmKoSifq94a7XDpa/YalBb/a');

-- --------------------------------------------------------

--
-- Table structure for table `login_details`
--

CREATE TABLE `login_details` (
  `login_details_id` int(11) NOT NULL,
  `user_id` int(11) NOT NULL,
  `last_activity` timestamp NOT NULL DEFAULT current_timestamp(),
  `is_type` enum('no','yes') NOT NULL
) ENGINE=InnoDB DEFAULT CHARSET=latin1;

--
-- Dumping data for table `login_details`
--

INSERT INTO `login_details` (`login_details_id`, `user_id`, `last_activity`, `is_type`) VALUES
(1, 1, '2021-03-15 04:46:53', 'no'),
(2, 2, '2021-03-15 04:46:30', 'no'),
(3, 3, '2021-03-15 04:47:12', 'no'),
(4, 1, '2021-03-15 05:02:02', 'no'),
(5, 2, '2021-03-15 04:51:08', 'no'),
(6, 2, '2021-03-15 04:52:04', 'no'),
(7, 2, '2021-03-15 04:52:33', 'no'),
(8, 1, '2021-03-15 05:08:06', 'no'),
(9, 2, '2021-03-15 05:02:36', 'no'),
(10, 1, '2021-03-15 05:09:41', 'no'),
(11, 1, '2021-03-15 05:13:49', 'no'),
(12, 1, '2021-03-15 05:18:53', 'no'),
(13, 3, '2021-03-15 05:19:05', 'no'),
(14, 1, '2021-03-17 03:56:51', 'no'),
(15, 1, '2021-03-17 04:11:09', 'no'),
(16, 2, '2021-03-17 04:11:31', 'no'),
(17, 1, '2021-03-17 04:13:18', 'no'),
(18, 1, '2021-03-17 04:33:37', 'no'),
(19, 2, '2021-03-17 04:14:13', 'no'),
(20, 2, '2021-03-17 04:33:52', 'no'),
(21, 1, '2021-03-17 04:53:55', 'no'),
(22, 2, '2021-03-17 05:15:44', 'no'),
(23, 1, '2021-03-17 05:17:24', 'no'),
(24, 1, '2021-03-17 05:21:02', 'no'),
(25, 1, '2021-03-17 05:25:01', 'no'),
(26, 1, '2021-03-17 05:39:48', 'no'),
(27, 3, '2021-03-17 05:39:45', 'no'),
(28, 1, '2021-03-18 03:09:32', 'no'),
(29, 2, '2021-03-18 02:12:05', 'no'),
(30, 2, '2021-03-18 02:59:12', 'no'),
(31, 3, '2021-03-18 03:08:19', 'no'),
(32, 1, '2021-03-19 03:33:15', 'no'),
(33, 2, '2021-03-19 04:25:11', 'no'),
(34, 1, '2021-03-19 04:25:46', 'no'),
(35, 3, '2021-03-19 04:25:46', 'no'),
(36, 1, '2021-03-20 02:59:52', 'no'),
(37, 2, '2021-03-20 03:00:02', 'no'),
(38, 1, '2021-03-25 03:58:16', 'no'),
(39, 2, '2021-03-25 03:55:58', 'no'),
(40, 3, '2021-03-25 03:56:36', 'no'),
(41, 1, '2021-03-27 03:01:52', 'no'),
(42, 1, '2021-03-27 04:24:29', 'no'),
(43, 2, '2021-03-27 04:27:39', 'no'),
(44, 1, '2021-03-27 04:54:34', 'no'),
(45, 2, '2021-03-27 04:54:24', 'no'),
(46, 4, '2021-03-30 03:56:36', 'no'),
(47, 1, '2021-03-30 04:03:43', 'no'),
(48, 1, '2021-03-30 04:05:21', 'no'),
(49, 1, '2021-03-31 03:46:43', 'no'),
(50, 1, '2021-03-31 04:39:28', 'no'),
(51, 1, '2021-03-31 04:59:33', 'no'),
(52, 1, '2021-03-31 04:59:49', 'no'),
(53, 1, '2021-03-31 05:25:14', 'no'),
(54, 1, '2021-04-01 04:24:07', 'no'),
(55, 1, '2021-04-01 05:08:04', 'no'),
(56, 2, '2021-04-01 04:36:27', 'no'),
(57, 2, '2021-04-01 05:24:58', 'no'),
(58, 1, '2021-04-01 05:24:47', 'no'),
(59, 1, '2021-04-01 05:42:08', 'no'),
(60, 2, '2021-04-01 05:45:09', 'no'),
(61, 1, '2021-04-01 05:45:57', 'no'),
(62, 1, '2021-04-03 14:18:20', 'no'),
(63, 2, '2021-04-03 14:06:40', 'no'),
(64, 2, '2021-04-03 14:15:39', 'no'),
(65, 2, '2021-04-03 14:17:20', 'no'),
(66, 2, '2021-04-03 14:23:39', 'no'),
(67, 5, '2021-04-03 14:20:42', 'no'),
(68, 1, '2021-04-08 04:05:23', 'no'),
(69, 1, '2021-04-09 13:23:10', 'no'),
(70, 1, '2021-04-09 13:45:25', 'no'),
(71, 1, '2021-04-10 02:44:41', 'no'),
(72, 1, '2021-04-10 06:08:36', 'no'),
(73, 6, '2021-04-10 06:18:07', 'no'),
(74, 6, '2021-04-10 06:21:52', 'no'),
(75, 7, '2021-04-10 06:22:42', 'no'),
(76, 8, '2021-04-10 06:23:34', 'no'),
(77, 6, '2021-04-10 06:24:20', 'no'),
(78, 1, '2021-04-10 06:24:55', 'no'),
(79, 6, '2021-04-11 05:06:44', 'no'),
(80, 1, '2021-04-11 05:06:58', 'no'),
(81, 1, '2021-04-11 05:29:35', 'no'),
(82, 6, '2021-04-11 05:40:36', 'no'),
(83, 1, '2021-04-11 05:48:00', 'no'),
(84, 1, '2021-04-11 06:32:51', 'no'),
(85, 1, '2021-04-11 06:36:19', 'no'),
(86, 1, '2021-04-11 06:51:15', 'no'),
(87, 1, '2021-04-11 07:03:19', 'no'),
(88, 9, '2021-04-11 07:08:47', 'no'),
(89, 9, '2021-04-11 07:09:20', 'no'),
(90, 1, '2021-04-11 07:29:19', 'no'),
(91, 1, '2021-04-12 05:28:27', 'no'),
(92, 2, '2021-04-12 05:22:45', 'no'),
(93, 1, '2021-04-12 14:31:46', 'no'),
(94, 1, '2021-04-12 15:00:09', 'no'),
(95, 2, '2021-04-12 14:59:58', 'no'),
(96, 1, '2021-04-12 15:37:32', 'no'),
(97, 2, '2021-04-12 15:32:36', 'no'),
(98, 2, '2021-04-12 15:41:11', 'no'),
(99, 1, '2021-04-13 05:44:33', 'no'),
(100, 1, '2021-04-13 06:07:43', 'yes'),
(101, 1, '2021-04-13 06:50:21', 'no'),
(102, 1, '2021-04-13 07:09:00', 'no'),
(103, 1, '2021-04-13 07:29:56', 'no'),
(104, 1, '2021-04-16 04:50:07', 'no'),
(105, 1, '2021-04-16 05:14:08', 'no'),
(106, 9, '2021-04-16 05:46:52', 'no'),
(107, 10, '2021-04-16 06:04:10', 'no'),
(108, 11, '2021-04-16 06:10:18', 'no'),
(109, 12, '2021-04-16 06:13:42', 'no'),
(110, 13, '2021-04-16 06:15:24', 'no'),
(111, 14, '2021-04-16 06:36:32', 'no'),
(112, 14, '2021-04-16 06:52:22', 'no'),
(113, 1, '2021-04-16 06:58:10', 'no'),
(114, 1, '2021-04-16 07:05:07', 'no'),
(115, 2, '2021-04-16 07:04:42', 'no'),
(116, 1, '2021-04-17 06:58:39', 'no'),
(117, 15, '2021-04-17 14:37:31', 'no'),
(118, 1, '2021-04-17 14:37:55', 'no'),
(119, 2, '2021-04-17 14:38:20', 'no'),
(120, 6, '2021-04-17 14:39:01', 'no'),
(121, 1, '2021-04-17 14:43:41', 'no'),
(122, 1, '2021-04-17 15:04:04', 'no'),
(123, 1, '2021-04-18 03:32:44', 'no'),
(124, 1, '2021-04-18 03:52:00', 'no'),
(125, 1, '2021-04-18 03:58:10', 'no'),
(126, 1, '2021-04-18 03:58:30', 'no'),
(127, 1, '2021-04-18 03:58:55', 'no'),
(128, 1, '2021-04-18 04:00:03', 'no'),
(129, 1, '2021-04-18 04:01:20', 'no'),
(130, 1, '2021-04-18 04:20:30', 'no'),
(131, 1, '2021-04-18 05:19:14', 'no'),
(132, 14, '2021-04-18 05:24:27', 'no'),
(133, 16, '2021-04-18 05:26:48', 'no'),
(134, 17, '2021-04-18 05:29:29', 'no'),
(135, 18, '2021-04-18 05:33:03', 'no'),
(136, 18, '2021-04-18 05:33:10', 'no'),
(137, 18, '2021-04-18 05:34:38', 'no'),
(138, 1, '2021-04-18 05:35:50', 'no'),
(139, 18, '2021-04-18 05:36:42', 'no'),
(140, 19, '2021-04-18 05:37:26', 'no'),
(141, 20, '2021-04-18 05:39:31', 'no'),
(142, 21, '2021-04-18 05:47:33', 'no'),
(143, 22, '2021-04-18 05:58:32', 'no'),
(144, 1, '2021-04-18 06:07:38', 'no'),
(145, 23, '2021-04-18 06:08:49', 'no'),
(146, 1, '2021-04-18 07:18:37', 'no'),
(147, 1, '2021-04-18 07:28:08', 'no'),
(148, 1, '2021-04-18 13:18:59', 'no'),
(149, 1, '2021-04-19 03:46:51', 'no'),
(150, 1, '2021-04-19 03:48:07', 'no'),
(151, 1, '2021-04-19 03:53:34', 'no'),
(152, 1, '2021-04-19 03:56:44', 'no'),
(153, 1, '2021-04-19 03:58:30', 'no'),
(154, 1, '2021-04-19 03:58:56', 'no'),
(155, 1, '2021-04-19 04:00:45', 'no'),
(156, 1, '2021-04-19 04:35:03', 'no'),
(157, 1, '2021-04-19 04:35:26', 'no'),
(158, 1, '2021-04-19 04:47:27', 'no'),
(159, 1, '2021-04-19 04:55:11', 'no'),
(160, 2, '2021-04-19 04:55:01', 'no'),
(161, 1, '2021-04-20 07:27:54', 'no'),
(162, 2, '2021-04-20 06:43:55', 'no'),
(163, 2, '2021-04-20 06:44:17', 'no'),
(164, 2, '2021-04-20 07:27:57', 'no'),
(165, 1, '2021-04-25 05:32:58', 'no'),
(166, 6, '2021-04-25 05:31:19', 'no'),
(167, 1, '2021-04-25 06:37:08', 'no'),
(168, 1, '2021-04-25 07:13:39', 'no'),
(169, 1, '2021-04-27 06:50:49', 'no'),
(170, 1, '2021-04-27 07:15:40', 'no');

--
-- Indexes for dumped tables
--

--
-- Indexes for table `chat_message`
--
ALTER TABLE `chat_message`
  ADD PRIMARY KEY (`chat_message_id`);

--
-- Indexes for table `login`
--
ALTER TABLE `login`
  ADD PRIMARY KEY (`user_id`);

--
-- Indexes for table `login_details`
--
ALTER TABLE `login_details`
  ADD PRIMARY KEY (`login_details_id`);

--
-- AUTO_INCREMENT for dumped tables
--

--
-- AUTO_INCREMENT for table `chat_message`
--
ALTER TABLE `chat_message`
  MODIFY `chat_message_id` int(11) NOT NULL AUTO_INCREMENT, AUTO_INCREMENT=103;

--
-- AUTO_INCREMENT for table `login`
--
ALTER TABLE `login`
  MODIFY `user_id` int(11) NOT NULL AUTO_INCREMENT, AUTO_INCREMENT=24;

--
-- AUTO_INCREMENT for table `login_details`
--
ALTER TABLE `login_details`
  MODIFY `login_details_id` int(11) NOT NULL AUTO_INCREMENT, AUTO_INCREMENT=171;
COMMIT;

/*!40101 SET CHARACTER_SET_CLIENT=@OLD_CHARACTER_SET_CLIENT */;
/*!40101 SET CHARACTER_SET_RESULTS=@OLD_CHARACTER_SET_RESULTS */;
/*!40101 SET COLLATION_CONNECTION=@OLD_COLLATION_CONNECTION */;
